[
  { "slug": "celpe", "nome": "Neoenergia Pernambuco (Celpe)", "cidade_sede": "Recife", "cnpj": "10.835.932/0001-08" },
  { "slug": "coelba", "nome": "Neoenergia Coelba", "cidade_sede": "Salvador", "cnpj": "15.139.629/0001-94" },
  { "slug": "cosern", "nome": "Neoenergia Cosern", "cidade_sede": "Natal", "cnpj": "08.324.196/0001-81" },
  { "slug": "edp-espiritosanto", "nome": "EDP Espírito Santo", "cidade_sede": "Vitória", "cnpj": "28.152.650/0001-71" },
  { "slug": "edp-saopaulo", "nome": "EDP São Paulo", "cidade_sede": "São Paulo", "cnpj": "02.302.100/0001-06" },
  { "slug": "equatorial-para", "nome": "Equatorial Pará", "cidade_sede": "Belém", "cnpj": "04.895.728/0001-80" },
  { "slug": "equatorial-alagoas", "nome": "Equatorial Alagoas", "cidade_sede": "Maceió", "cnpj": "12.272.084/0001-00" },
  { "slug": "equatorial-maranhao", "nome": "Equatorial Maranhão", "cidade_sede": "São Luís", "cnpj": "06.272.793/0001-84" },
  { "slug": "equatorial-goias", "nome": "Equatorial Goiás", "cidade_sede": "Goiânia", "cnpj": "01.543.032/0001-04" },
  { "slug": "energisa-mato-grosso", "nome": "Energisa Mato Grosso", "cidade_sede": "Cuiabá", "cnpj": "03.467.321/0001-99" },
  { "slug": "energisa-mato-grosso-sul", "nome": "Energisa Mato Grosso do Sul", "cidade_sede": "Campo Grande", "cnpj": "15.413.826/0001-50" },
  { "slug": "energisa-tocantins", "nome": "Energisa Tocantins", "cidade_sede": "Palmas", "cnpj": "25.086.034/0001-71" },
  { "slug": "energisa-paraiba", "nome": "Energisa Paraíba", "cidade_sede": "João Pessoa", "cnpj": "09.095.183/0001-40" },
  { "slug": "energisa-sergipe", "nome": "Energisa Sergipe", "cidade_sede": "Aracaju", "cnpj": "13.017.462/0001-63" },
  { "slug": "energisa-minas-rio", "nome": "Energisa Minas Rio", "cidade_sede": "Cataguases", "cnpj": "19.527.639/0001-58" },
  { "slug": "energisa-acre", "nome": "Energisa Acre", "cidade_sede": "Rio Branco", "cnpj": "04.065.033/0001-70" },
  { "slug": "energisa-rondonia", "nome": "Energisa Rondônia", "cidade_sede": "Porto Velho", "cnpj": "05.914.650/0001-66" },
  { "slug": "energisa-sul-sudeste", "nome": "Energisa Sul-Sudeste", "cidade_sede": "Presidente Prudente", "cnpj": "07.282.377/0001-20" },
  { "slug": "sulgipe", "nome": "SULGIPE", "cidade_sede": "Estância", "cnpj": "13.255.658/0001-96" },
  { "slug": "cpfl-paulista", "nome": "CPFL Paulista", "cidade_sede": "Campinas", "cnpj": "33.050.196/0001-88" },
  { "slug": "rge-sul", "nome": "RGE Sul", "cidade_sede": "São Leopoldo", "cnpj": "02.016.440/0001-62" },
  { "slug": "neoenergia-elektro", "nome": "Neoenergia Elektro", "cidade_sede": "Campinas", "cnpj": "02.328.280/0001-97" },
  { "slug": "neoenergia-brasilia", "nome": "Neoenergia Brasília", "cidade_sede": "Brasília", "cnpj": "07.522.669/0001-92" },
  { "slug": "equatorial-piaui", "nome": "Equatorial Piauí", "cidade_sede": "Teresina", "cnpj": "06.840.748/0001-89" },
  { "slug": "equatorial-amapa", "nome": "Equatorial Amapá", "cidade_sede": "Macapá", "cnpj": "05.965.546/0001-09" },
  { "slug": "ceee-equatorial", "nome": "CEEE Grupo Equatorial", "cidade_sede": "Porto Alegre", "cnpj": "08.467.115/0001-00" },
  { "slug": "enel-sp", "nome": "Enel SP", "cidade_sede": "São Paulo", "cnpj": "61.695.227/0001-93" },
  { "slug": "enel-rj", "nome": "Enel RJ", "cidade_sede": "Niterói", "cnpj": "33.050.071/0001-58" },
  { "slug": "enel-ce", "nome": "Enel CE", "cidade_sede": "Fortaleza", "cnpj": "07.047.251/0001-70" },
  { "slug": "cemig", "nome": "CEMIG Distribuição", "cidade_sede": "Belo Horizonte", "cnpj": "06.981.180/0001-16" },
  { "slug": "copel", "nome": "COPEL Distribuição", "cidade_sede": "Curitiba", "cnpj": "04.368.898/0001-06" },
  { "slug": "celesc", "nome": "CELESC Distribuição", "cidade_sede": "Florianópolis", "cnpj": "08.336.783/0001-90" },
  { "slug": "light", "nome": "LIGHT", "cidade_sede": "Rio de Janeiro", "cnpj": "60.444.437/0001-46" },
  { "slug": "roraima-energia", "nome": "Roraima Energia", "cidade_sede": "Boa Vista", "cnpj": "02.341.470/0001-44" },
  { "slug": "amazonas-energia", "nome": "Amazonas Energia", "cidade_sede": "Manaus", "cnpj": "02.341.467/0001-20" }
]